index,name
0,SSB
1,CTG
2,MSB
3,VBB
4,HBB
5,EIB
6,TIN
7,VCB
8,TPB
9,ACB
10,EVF
11,TCB
12,SDF
13,SGB
14,MBB
15,BAB
16,KLB
17,STB
18,NVB
19,VIB
20,NAB
21,BVB
22,HDB
23,SHB
24,PGB
25,VAB
26,VPB
27,ABB
28,LPB
29,OCB
30,BID
31,TFC
32,ICT
33,HKB
34,HHG
35,SMN
36,SVT
37,BHS
38,MAC
39,ONE
40,KIP
41,VIF
42,HHV
43,BTV
44,DC4
45,DHG
46,BDW
47,DRC
48,DAT
49,HLG
50,NPS
51,SEB
52,RIC
53,CKV
54,B82
55,TDN
56,SHI
57,NAS
58,PHP
59,IMP
60,THB
61,TLT
62,SZB
63,HAH
64,LAS
65,PVD
66,SCR
67,NQN
68,PSE
69,DRL
70,C32
71,LCS
72,HDW
73,CLL
74,HMH
75,PXS
76,HWS
77,DXS
78,EIC
79,HAF
80,VCX
81,IN4
82,PPH
83,VT1
84,PDN
85,DST
86,NHH
87,VHG
88,VOS
89,BVL
90,PHC
91,PRT
92,VNI
93,TTA
94,LCD
95,PMW
96,DM7
97,VCS
98,ASM
99,VMC
100,TDH
101,PNJ
102,PHR
103,ACL
104,KMR
105,SDH
106,MCM
107,SPP
108,SGH
109,HHA
110,DIH
111,SB1
112,DXG
113,L40
114,HMG
115,SDJ
116,CET
117,SDY
118,SNC
119,PDV
120,VNG
121,PVY
122,QHD
123,DFC
124,KLF
125,VAF
126,ATB
127,DVP
128,TLD
129,HPI
130,CVT
131,THD
132,FCN
133,KHD
134,L10
135,DHC
136,G36
137,ICF
138,DID
139,VC2
140,PET
141,HTG
142,MCH
143,LMH
144,TPS
145,VSH
146,NSH
147,NAW
148,BAF
149,YBM
150,GMX
151,AGM
152,RCL
153,CNH
154,VOC
155,DPS
156,PCM
157,SEC
158,HLR
159,GAB
160,HTL
161,PTM
162,DRH
163,TTD
164,HOT
165,VPD
166,INN
167,OPC
168,AMP
169,SFG
170,E29
171,ND2
172,HVG
173,SVH
174,PXA
175,NCS
176,VLC
177,AMD
178,HU3
179,PMG
180,VCG
181,MAS
182,BDT
183,SHG
184,IDC
185,CMN
186,CID
187,PGC
188,VLG
189,VPC
190,PXM
191,NFC
192,ICN
193,VPK
194,PJT
195,KHP
196,CBI
197,TVN
198,SAM
199,COM
200,KPF
201,SD9
202,CTD
203,ADP
204,SPM
205,ITD
206,VNM
207,KAC
208,XMP
209,LCM
210,HSA
211,HJS
212,VEE
213,FMC
214,VTS
215,DL1
216,DHM
217,PRC
218,HTE
219,HMR
220,PLP
221,MPC
222,GMH
223,FDG
224,VPS
225,CTN
226,SAF
227,MTM
228,TCM
229,PSG
230,DAG
231,PPP
232,STC
233,DHA
234,HVN
235,DTI
236,MTV
237,PCF
238,CT6
239,VEF
240,PHH
241,BWS
242,TVT
243,NET
244,VKP
245,PSD
246,SGS
247,IFS
248,PTB
249,KKC
250,HSM
251,HTV
252,SDN
253,VEA
254,BBC
255,VIA
256,HNM
257,NHS
258,TC6
259,DTA
260,CTX
261,VCE
262,VGS
263,HAR
264,PMP
265,VET
266,TID
267,SAS
268,AMS
269,TOP
270,VGG
271,STS
272,MCG
273,TCK
274,FOX
275,ARM
276,VE8
277,NKG
278,SPA
279,VTO
280,DRI
281,AVC
282,AAV
283,WSB
284,HDC
285,DLD
286,PVO
287,KSD
288,PBP
289,PGV
290,VSF
291,EIN
292,MTA
293,BKC
294,ATA
295,GTA
296,TKC
297,CSC
298,ILS
299,HLY
300,ALV
301,SVI
302,THN
303,DLT
304,MML
305,PXC
306,SIC
307,PIV
308,TIE
309,HLD
310,SVD
311,VST
312,TCS
313,WCS
314,VFG
315,BCM
316,MED
317,HSG
318,BHT
319,KSH
320,GDT
321,VCF
322,DP1
323,TNT
324,FOC
325,S55
326,GGG
327,HUG
328,NBP
329,NHC
330,HNF
331,OIL
332,PVH
333,TBD
334,HD2
335,BMN
336,KSK
337,GLT
338,L18
339,VQC
340,CMS
341,PNP
342,VSC
343,SVN
344,FPT
345,SRF
346,SSN
347,BDB
348,PGT
349,PAC
350,CEE
351,DVG
352,BCP
353,BED
354,POS
355,NCT
356,HKT
357,SDD
358,PIA
359,VSN
360,KDM
361,TST
362,KOS
363,SDB
364,PEG
365,SBR
366,TSJ
367,HDO
368,TET
369,BTH
370,DMC
371,HTI
372,L35
373,TMX
374,DNA
375,BCF
376,KHA
377,DDH
378,KHS
379,ROS
380,TDC
381,ACC
382,SBA
383,SFI
384,BRR
385,ABT
386,TBX
387,CHS
388,DBC
389,VNE
390,BCG
391,PFL
392,BAX
393,VVN
394,MTS
395,DCT
396,SDI
397,PCN
398,FTI
399,NAP
400,E12
401,ITA
402,SDA
403,KSF
404,TSC
405,SID
406,GMD
407,VIT
408,MST
409,PGN
410,SSG
411,HAN
412,NAG
413,ST8
414,DCM
415,BDC
416,TNG
417,TCD
418,VCA
419,HHR
420,KSA
421,DSG
422,MKP
423,NQT
424,DGW
425,ABS
426,PVM
427,CJC
428,LLM
429,SDT
430,CEO
431,TOT
432,VTV
433,NBC
434,V21
435,PGD
436,NTP
437,YBC
438,LIX
439,POM
440,VIC
441,SVG
442,HQC
443,VPH
444,CMI
445,LDW
446,CMX
447,SHN
448,HC3
449,HGM
450,USD
451,S72
452,CAN
453,AME
454,NNC
455,STV
456,LM3
457,TAG
458,EVG
459,GTS
460,NAF
461,NTC
462,PSP
463,VTH
464,BCE
465,ATG
466,MVC
467,BTB
468,HDG
469,MTP
470,HDM
471,SD6
472,CSM
473,NT2
474,NHP
475,SCO
476,CKD
477,TCT
478,DGL
479,CX8
480,API
481,AMV
482,TSB
483,APC
484,TLG
485,SBM
486,DNY
487,VC9
488,QTC
489,GE2
490,G20
491,NBT
492,TTH
493,CCA
494,JOS
495,CII
496,MCP
497,PPE
498,MSN
499,BKG
500,HNB
501,CTW
502,DWC
503,LDP
504,PVE
505,MVN
506,MVB
507,HPS
508,CQN
509,CNT
510,HCC
511,CTT
512,SD5
513,VBG
514,L12
515,SMB
516,HNR
517,VSA
518,NDT
519,HCT
520,HOM
521,GER
522,LM8
523,BHA
524,TAR
525,BTS
526,SHP
527,GAS
528,SBH
529,CAD
530,SAB
531,SBL
532,VE2
533,SCI
534,HTP
535,DWS
536,MNB
537,DNH
538,BNA
539,PSW
540,PMJ
541,SGI
542,THT
543,CMT
544,TNA
545,VDP
546,VLB
547,POV
548,VPG
549,BQB
550,MLN
551,ALT
552,AGP
553,SAP
554,VRE
555,SPC
556,DLG
557,PMT
558,BPC
559,HBC
560,HHS
561,QPH
562,SII
563,TV2
564,SD2
565,SMC
566,OCH
567,MDC
568,C69
569,SLS
570,PIS
571,SDX
572,SDG
573,KSB
574,TTZ
575,EFI
576,NAV
577,MHC
578,TBH
579,LNC
580,NDN
581,BTG
582,UPH
583,TAW
584,TCL
585,UDJ
586,VNT
587,VHM
588,PEN
589,D11
590,TNW
591,VPA
592,FRT
593,KVC
594,STK
595,KSS
596,FID
597,DDV
598,HPX
599,CC4
600,PMB
601,CCM
602,VTQ
603,ISH
604,THS
605,GHC
606,PTE
607,PSN
608,DS3
609,THI
610,LHC
611,LBE
612,PLX
613,SHE
614,HU1
615,S96
616,TDP
617,VAT
618,PV2
619,VTC
620,HU4
621,MCF
622,NGC
623,DDG
624,DTE
625,VIH
626,THP
627,HBH
628,ITQ
629,VID
630,KHB
631,HCD
632,IBD
633,DQC
634,DFS
635,DP3
636,DNW
637,SRC
638,HTM
639,NTT
640,AGF
641,SDC
642,TOS
643,PVL
644,CMC
645,MNC
646,PHN
647,CST
648,BMP
649,BHG
650,SQC
651,UIC
652,SFN
653,BMV
654,CLC
655,VE4
656,SCJ
657,VEC
658,VTZ
659,SWC
660,TXM
661,STH
662,CDG
663,GKM
664,HTU
665,DBT
666,VES
667,MTG
668,KGM
669,VMI
670,SD3
671,HND
672,OGC
673,DHD
674,NS3
675,HVX
676,BSR
677,PSB
678,THG
679,TTT
680,IDP
681,BMC
682,EVE
683,HAD
684,MLS
685,TPC
686,SHA
687,KHW
688,NDP
689,DAC
690,QTP
691,PGS
692,BLW
693,VC1
694,PXT
695,DZM
696,VTL
697,VGC
698,TV4
699,BRC
700,PBC
701,QBS
702,DNM
703,TIG
704,TVC
705,CTC
706,SDK
707,NLG
708,TRA
709,VBC
710,AGG
711,CLM
712,PVT
713,LEC
714,TA6
715,DGT
716,ASG
717,HDA
718,TTC
719,DNB
720,CSV
721,TTE
722,ISG
723,ILB
724,HVH
725,CDN
726,DAS
727,ITS
728,GMC
729,DNP
730,HTN
731,LHG
732,MWG
733,CRC
734,KDF
735,VTP
736,HUT
737,VIN
738,GEG
739,SRA
740,FGL
741,VSI
742,DNS
743,BBS
744,SBT
745,HT1
746,PWS
747,JVC
748,TNS
749,SJF
750,AST
751,SJE
752,ABR
753,SZL
754,DDM
755,SZC
756,IDJ
757,TIC
758,CDP
759,NS2
760,PCE
761,MMC
762,CPC
763,KMT
764,NBB
765,TNY
766,CHP
767,DCG
768,HST
769,NDF
770,TND
771,BSG
772,TCH
773,KBC
774,TDF
775,AVF
776,APF
777,CPA
778,FDC
779,SKV
780,SGC
781,HAT
782,HSV
783,DHP
784,PTK
785,ASP
786,CAV
787,APP
788,BSP
789,PSH
790,DMN
791,RDP
792,HII
793,PNC
794,VGI
795,BFC
796,LGL
797,MIC
798,BVG
799,HVT
800,BPW
801,BXH
802,ADS
803,MSC
804,HHP
805,SHC
806,NSC
807,HAG
808,CPW
809,PJC
810,VHL
811,EMC
812,VC3
813,TA9
814,VSG
815,HRT
816,LIG
817,CTB
818,DPG
819,HAS
820,MCO
821,HAX
822,ACM
823,KCE
824,SDE
825,PMS
826,ADG
827,VGL
828,TLC
829,ADC
830,KST
831,UPC
832,GIC
833,HPW
834,KTC
835,PVA
836,FLC
837,NTR
838,ELC
839,LIC
840,TV3
841,HD6
842,AAA
843,D2D
844,LM7
845,XHC
846,TDS
847,MBG
848,PVV
849,VIE
850,L45
851,LWS
852,SJG
853,LBM
854,MKV
855,GVT
856,TDG
857,MDF
858,PVR
859,TLH
860,LSS
861,BLF
862,SRB
863,VNP
864,VTF
865,VTG
866,HLA
867,CDC
868,UCT
869,S12
870,MFS
871,CRE
872,VC7
873,DCS
874,HSI
875,DTT
876,VNB
877,SSM
878,BDG
879,GLW
880,PIT
881,POT
882,MIE
883,MHY
884,SC5
885,AFX
886,TTN
887,C47
888,TIS
889,PLC
890,TEG
891,VNH
892,PCG
893,KTS
894,DDN
895,C21
896,LUT
897,MDG
898,SFC
899,AMC
900,NED
901,VKC
902,TMB
903,NBW
904,PVS
905,PDB
906,TMS
907,SD7
908,RGC
909,CCT
910,STW
911,KTT
912,VTX
913,BSA
914,FIT
915,S99
916,HMC
917,PDC
918,TVW
919,TMC
920,BHV
921,HNG
922,FDT
923,VCW
924,LMC
925,CPI
926,TDW
927,X77
928,VIS
929,TJC
930,HAP
931,HHC
932,MSH
933,SCH
934,PVI
935,EMS
936,VTJ
937,UNI
938,VNA
939,ACG
940,TV1
941,THV
942,GGS
943,TTF
944,CTA
945,BRS
946,DVC
947,DNC
948,PTL
949,TIP
950,STG
951,KSV
952,TTJ
953,VLA
954,MHL
955,DSN
956,NHT
957,CIG
958,HVA
959,QCC
960,CVN
961,BTR
962,UDC
963,S74
964,VGV
965,VLW
966,GEX
967,VHH
968,PPG
969,SGD
970,PIC
971,KHG
972,HBI
973,TMT
974,CTI
975,DNE
976,HSP
977,TMP
978,SIP
979,MIM
980,PTH
981,SD4
982,VCC
983,CAG
984,TNC
985,INC
986,DAD
987,SJ1
988,BCA
989,VLF
990,DND
991,SP2
992,BCC
993,IFC
994,CLX
995,ACV
996,VFR
997,SGR
998,XMC
999,ANV
1000,QCG
1001,HEM
1002,ECI
1003,M10
1004,SAC
1005,VTE
1006,BHN
1007,VXB
1008,TDT
1009,CCL
1010,BTT
1011,PTD
1012,SJC
1013,PSC
1014,PPS
1015,XMD
1016,HEV
1017,NTH
1018,ATS
1019,BTW
1020,KDH
1021,SDP
1022,VJC
1023,KDC
1024,GTN
1025,DBD
1026,TCR
1027,VPI
1028,DFF
1029,IBC
1030,GDW
1031,SVC
1032,VHF
1033,SSH
1034,BGW
1035,BMF
1036,VRG
1037,IST
1038,VGP
1039,HTC
1040,HPD
1041,DPR
1042,TTS
1043,RCC
1044,VGR
1045,SED
1046,VNL
1047,HLC
1048,MH3
1049,TMG
1050,VE3
1051,NDX
1052,DNN
1053,PME
1054,PXI
1055,STP
1056,HGW
1057,EBA
1058,VSM
1059,EID
1060,VLP
1061,HPG
1062,L44
1063,ITC
1064,NNG
1065,SKH
1066,DPD
1067,VGT
1068,TNI
1069,QNS
1070,PAI
1071,MCC
1072,TVD
1073,CCR
1074,PMC
1075,IRC
1076,PLA
1077,NST
1078,ILC
1079,SGP
1080,TTL
1081,MEG
1082,S33
1083,IDV
1084,AGC
1085,DRG
1086,L14
1087,FIR
1088,DLR
1089,VNF
1090,DAE
1091,IDI
1092,HRC
1093,FCM
1094,LAW
1095,YEG
1096,CTF
1097,ASA
1098,DTP
1099,SCL
1100,TS4
1101,MKT
1102,VNS
1103,VMA
1104,GTT
1105,LAF
1106,RTB
1107,BAM
1108,PVX
1109,VMD
1110,VMG
1111,BNW
1112,TPP
1113,SPI
1114,DPC
1115,PDT
1116,PPY
1117,KTL
1118,VNC
1119,BWE
1120,S27
1121,QNC
1122,BCI
1123,KBE
1124,GVR
1125,BSL
1126,XPH
1127,DAN
1128,PAS
1129,CNG
1130,CLH
1131,GSP
1132,CEC
1133,VRC
1134,SON
1135,IPA
1136,VMS
1137,VAV
1138,KHL
1139,AAM
1140,PC1
1141,SBD
1142,TCO
1143,DXP
1144,PCT
1145,NQB
1146,L61
1147,VFC
1148,SD1
1149,LTG
1150,CQT
1151,NTL
1152,SKG
1153,VHE
1154,PBT
1155,BII
1156,TPH
1157,TVU
1158,TNH
1159,DTK
1160,TGG
1161,SMA
1162,BBM
1163,MPT
1164,CMD
1165,VC5
1166,SCD
1167,BBT
1168,C92
1169,VIW
1170,TAC
1171,KTB
1172,CMV
1173,NBE
1174,PAN
1175,BMG
1176,CMG
1177,STL
1178,FCS
1179,CCI
1180,HPB
1181,SNZ
1182,TDM
1183,REE
1184,IJC
1185,X20
1186,SGT
1187,VE1
1188,SAV
1189,NSP
1190,CLG
1191,VBH
1192,TTB
1193,PND
1194,PVC
1195,DXV
1196,X18
1197,VSP
1198,PPI
1199,CAP
1200,DP2
1201,NHA
1202,VHC
1203,NTB
1204,CMF
1205,DTD
1206,DSP
1207,PID
1208,DIG
1209,DTL
1210,TRC
1211,GLC
1212,PVB
1213,PDR
1214,DC2
1215,MSR
1216,SMT
1217,ABC
1218,BST
1219,PTS
1220,CCP
1221,TCW
1222,EPH
1223,CKG
1224,DHB
1225,SGN
1226,ICG
1227,SPD
1228,TYA
1229,HAI
1230,SJM
1231,DAH
1232,TTP
1233,TIX
1234,EBS
1235,QST
1236,SDU
1237,DPM
1238,PPC
1239,NCP
1240,VCR
1241,HBD
1242,LO5
1243,UEM
1244,BSC
1245,SZE
1246,HUB
1247,CLW
1248,VTA
1249,PXL
1250,SBV
1251,DCL
1252,T12
1253,SCS
1254,VIP
1255,NRC
1256,CTP
1257,L43
1258,SSC
1259,BHC
1260,MEL
1261,AAT
1262,HID
1263,RAL
1264,SD8
1265,VNN
1266,PVP
1267,ILA
1268,BTC
1269,TLP
1270,SCG
1271,DTC
1272,VTB
1273,SZG
1274,VTR
1275,MEC
1276,PAP
1277,L62
1278,HPM
1279,APH
1280,HBE
1281,LGC
1282,PBK
1283,FIC
1284,V12
1285,BSQ
1286,GIL
1287,TN1
1288,NOS
1289,DBM
1290,VC6
1291,GMA
1292,DGC
1293,BTP
1294,IHK
1295,CC1
1296,DNL
1297,BDP
1298,DXL
1299,DIC
1300,SEA
1301,GSM
1302,CIA
1303,HNA
1304,VCM
1305,PVG
1306,PTC
1307,V15
1308,NVT
1309,LDG
1310,LTC
1311,SCC
1312,BSH
1313,VE9
1314,SJS
1315,LCG
1316,DVH
1317,TL4
1318,HPT
1319,KSQ
1320,VDL
1321,TBC
1322,BT6
1323,NVL
1324,HJC
1325,S4A
1326,TH1
1327,SRT
1328,C4G
1329,DVN
1330,BOT
1331,FTM
1332,STT
1333,VCP
1334,BTD
1335,HIG
1336,DHT
1337,CMW
1338,POW
1339,CTR
1340,PTV
1341,CDO
1342,CYC
1343,V11
1344,TNB
1345,TKU
1346,SJD
1347,SGO
1348,HTT
1349,HSL
1350,BGM
1351,PRE
1352,BIC
1353,AIC
1354,BVH
1355,BMI
1356,PTI
1357,MIG
1358,PGI
1359,BLI
1360,VNR
1361,ABI
1362,SHS
1363,AAS
1364,BSI
1365,WSS
1366,IVS
1367,ART
1368,DSC
1369,AGR
1370,SSI
1371,HFT
1372,PHS
1373,VFS
1374,TVB
1375,VND
1376,HCM
1377,VDS
1378,TVS
1379,SBS
1380,VIX
1381,CTS
1382,VCI
1383,APG
1384,VUA
1385,HBS
1386,FTS
1387,BMS
1388,EVS
1389,APS
1390,CSI
1391,ORS
1392,VIG
1393,HAC
1394,MBS
1395,PSI
1396,BVS
1397,TCI